<atmosphere>
	<values>
		<value name="name" value="scene_atmosphere"/>
		<value name="cloud_amount" value="0.300"/>
		<value name="middle_gray" value="0.100"/>
		<value name="temperature" value="18.000"/>
		<value name="humidity" value="0.000"/>
		<value name="color_grade_name" value="cg_75c"/>
		<value name="time_of_day" value="2.000"/>
		<value name="fall_density" value="0.000"/>
		<value name="snow_density" value="0.000"/>
		<value name="is_indoor" value="false"/>
		<value name="global_envmap_multiplier" value="0.900"/>
		<value name="global_envmap_color_factor" value="0.981, 0.987, 1.000"/>
		<value name="prt_multiplier" value="1.000"/>
		<value name="do_not_render_envmap" value="false"/>
		<value name="skybox_background_texture_name" value="sky_photo_cloudy_01"/>
		<value name="skybox_sun_texture_name" value="sun_core2"/>
		<value name="lens_flare_dirt_texture_name" value="lens_dirt"/>
		<value name="lens_flare_star_texture_name" value="lens_star"/>
		<value name="skybox_panaroma_type" value="0"/>
		<value name="season" value="summer"/>
	</values>
	<global_ambient fog_ambient_color="0.730, 0.639, 0.554"/>
	<fog>
		<value name="fog_density" value="7.000"/>
		<value name="fog_falloff" value="2.000"/>
		<value name="fog_color" value="0.307, 0.632, 0.605"/>
		<value name="cloud_shadow_color" value="0.250, 0.250, 0.400"/>
		<value name="mie_scatter_particle_size" value="9.000"/>
		<value name="skybox_distance" value="6000.000"/>
		<value name="scene_scale" value="1.000"/>
		<value name="skybox_height" value="7500.000"/>
		<value name="horizon_distance" value="7500.000"/>
		<value name="fog_falloff_offset" value="1.000"/>
		<value name="fog_falloff_minfog" value="0.000"/>
		<value name="fog_start_distance" value="0.000"/>
		<value name="fog_scatter" value="0.416"/>
		<value name="scatter_strength" value="6.869"/>
	</fog>
	<cloud_shadow>
		<value name="cloud_shadow_amount" value="0.500"/>
		<value name="cloud_shadow_contrast" value="2.000"/>
		<value name="cloud_shadow_begin_height" value="0.000"/>
		<value name="cloud_shadow_end_height" value="1000.000"/>
		<value name="cloud_shadow_scale" value="1.000"/>
		<value name="cloud_shadow_speed" value="0.170"/>
	</cloud_shadow>
	<sun>
		<value name="skybox_rotation" value="33.000"/>
		<value name="sun_altitude" value="44.000"/>
		<value name="sun_angle" value="20.000"/>
		<value name="shadow_opacity" value="1.000"/>
		<value name="minimum_ambient" value="0.000"/>
		<value name="sun_rotation" value="77.000"/>
		<value name="sun_intesity" value="8888.000"/>
		<value name="sky_brightness" value="822.000"/>
		<value name="cloud_brightness" value="0.700"/>
		<value name="sun_size" value="0.100"/>
		<value name="sky_noise_amount" value="0.494"/>
		<value name="sunshafts_strength" value="1.000"/>
		<value name="sun_color" value="1.000, 0.946, 0.930"/>
		<value name="rayleigh_constant" value="0.009"/>
	</sun>
	<postfx>
		<value name="brightpass_threshold" value="0.883"/>
		<value name="min_exposure" value="-11.175"/>
		<value name="max_exposure" value="-2.000"/>
		<value name="target_exposure" value="-10.450"/>
		<value name="bloom_strength" value="0.900"/>
		<value name="bloom_amount" value="0.104"/>
		<value name="grain_amount" value="0.000"/>
		<value name="anti_banding_noise_amount_" value="0.299"/>
		<value name="lens_flare_amount" value="3.000"/>
		<value name="lens_flare_threshold" value="0.750"/>
		<value name="lens_flare_strength" value="1.000"/>
		<value name="lens_flare_dirt_weight" value="0.750"/>
		<value name="lens_flare_diffraction_weight" value="0.850"/>
		<value name="lens_flare_halo_weight" value="0.650"/>
		<value name="lens_flare_ghost_weight" value="1.750"/>
		<value name="lens_flare_halo_width" value="0.550"/>
		<value name="lens_flare_ghost_samples" value="8"/>
		<value name="lens_flare_aberration_offset" value="1.000"/>
		<value name="lens_flare_blur_size" value="16"/>
		<value name="lens_flare_blur_sigma" value="8.000"/>
		<value name="streak_amount" value="0.500"/>
		<value name="streak_threshold" value="0.700"/>
		<value name="streak_strength" value="1.000"/>
		<value name="streak_stretch" value="0.750"/>
		<value name="streak_intensity" value="9.000"/>
		<value name="streak_tint" value="0.550, 0.550, 1.000"/>
		<value name="vignette_inner_radius" value="0.100"/>
		<value name="vignette_outer_radius" value="1.000"/>
		<value name="vignette_opacity" value="1.000"/>
		<value name="aberration_offset" value="0.100"/>
		<value name="aberration_size" value="0.550"/>
		<value name="aberration_smooth" value="0.260"/>
		<value name="lens_distortion" value="0.490"/>
		<value name="burnout_threshold" value="3.000"/>
		<value name="contrast_enhancement" value="4.000"/>
	</postfx>
	<cubemap_texture env_map_name="default_cubemap"/>
	<flags/>
</atmosphere>

